-- -----------------------------------------------------
-- Ingresando datos a las tablas de la librería
-- -----------------------------------------------------
USE LibreriaBuscaLibre;

-- -----------------------------------------------------
-- Tabla Autor
-- -----------------------------------------------------
INSERT INTO autor
VALUES 
	('1', '1/1/1980', 'COL', 'Juan'),
	('2', '1/2/1980', 'ESP', 'Luis'),
	('3', '1/3/1980', 'VEN', 'José'),
	('4', '1/4/1980', 'USA', 'Mark'),
	('5', '1/5/1980', 'RUS', 'Alek');

-- -----------------------------------------------------
-- Tabla Editorial
-- -----------------------------------------------------
INSERT INTO editorial
VALUES
	('Planeta', 'Barcelona', 'Calle 1 # 1 - 1', '1111111111'),
	('RM', 'Barcelona', 'Calle 2 # 1 - 2', '2222222222'),
	('Lumen', 'Madrid', 'Calle 1 # 1 - 1', '3333333333'),
	('Debolsillo', 'Bogotá', 'Carrera 1 # 1 - 1', '4444444444');

-- -----------------------------------------------------
-- Tabla Libro
-- -----------------------------------------------------
INSERT INTO libro
VALUES
	('10', 'Luz', '40', 'Planeta'),
	('11', 'Viajando al mar', '168', 'RM'),
	('12', 'Despegando', '500', 'Planeta'),
	('13', 'El nombre', '620', 'Lumen'),
	('14', 'La casa de al lado', '461', 'Debolsillo'),
	('15', 'Felicidad', '86', 'RM'),
	('16', 'Recuerdos en verso', '614', 'Planeta'),
	('17', 'Despierta YA!', '163', 'Planeta'),
	('18', 'Cómo ser mejor en...', '613', 'RM'),
	('19', 'Español para extranjeros', '795', 'Lumen'),
	('20', 'De visita al interior', '985', 'RM'),
	('21', 'Rodolfo, el tripulante', '32', 'Planeta'),
	('22', 'El nombre del viento', '963', 'Debolsillo'),
	('23', 'Cuarenta y tres horas', '433', 'Planeta'),
	('24', 'Los camellos del sur', '94', 'Debolsillo'),
	('25', 'Escribir, arte y pecado', '77', 'Lumen'),
	('26', 'Sonidos lejanos', '623', 'RM'),
	('27', 'Amarte', '81', 'Planeta'),
	('28', 'Después de la muerte', '630', 'Lumen'),
	('29', 'Sentimientos más allá', '106', 'Debolsillo');

-- -----------------------------------------------------
-- Tabla Cliente
-- -----------------------------------------------------
INSERT INTO cliente
VALUES
	('1111111119', 'Pedro'),
	('1111111118', 'Manuela'),
	('1111111117', 'Carmen'),
	('1111111116', 'Andrés'),
	('1111111115', 'Felipe'),
	('1111111114', 'Mateo'),
	('1111111113', 'Sara');

-- -----------------------------------------------------
-- Tabla Teléfono_Cliente
-- -----------------------------------------------------
INSERT INTO telefono_cliente
VALUES
	('1111111113', '5555555555'),
	('1111111114', '6666666666'),
	('1111111115', '7777777777'),
	('1111111116', '8888888888'),
	('1111111117', '9999999999'),
	('1111111118', '1011111111'),
	('1111111119', '2022222222'),
	('1111111113', '3033333333'),
	('1111111114', '4044444444'),
	('1111111115', '5055555555'),
	('1111111116', '6066666666'),
	('1111111117', '7077777777');

-- -----------------------------------------------------
-- Tabla Libro_Autor
-- -----------------------------------------------------
INSERT INTO libro_autor
VALUES
	('10', '1'),
	('10', '3'),
	('14', '5'),
	('16', '5'),
	('18', '3'),
	('20', '1'),
	('22', '1'),
	('24', '3'),
	('26', '5'),
	('28', '5');

-- -----------------------------------------------------
-- Tabla Libro_Cliente
-- -----------------------------------------------------
INSERT INTO libro_cliente
VALUES
	('11', '1111111113'),
	('11', '1111111114'),
	('11', '1111111115'),
	('13', '1111111116'),
	('15', '1111111117'),
	('17', '1111111118'),
	('19', '1111111119'),
	('21', '1111111113'),
	('23', '1111111114'),
	('25', '1111111115');
